№,Модель,Формула,Пример расчёта
1,AVT6:240-350:D15,791.22872 − 5.30294×(F65/(F32+F30)) + 0.52755×T66 − 0.15629×T33,"791.22872 − 5.30294×(F65/(F32+F30)) + 0.52755×T66 − 0.15629×T33
  F65=789.54; F32=79.00; F30=98.97; T66=255.04; T33=335.41
= 791.22872 − 5.30294×(789.54/(79.00+98.97)) + 0.52755×255.04 − 0.15629×335.41
= 791.22872 − 5.30294×4.4365 + 134.548 − 52.421
= 791.22872 − 23.527 + 134.548 − 52.421 = 849.83"
2,AVT6:240-350:T50,283.177 − 0.01685×F7 + 0.06248×F30 + 0.22048×F34 − 0.25816×F45 − 0.12159×F59 + 0.01221×F63,"283.177 − 0.01685×F7 + 0.06248×F30 + 0.22048×F34 − 0.25816×F45 − 0.12159×F59 + 0.01221×F63
  F7=217.54; F30=98.97; F34=60.02; F45=16.45; F59=196.85; F63=88.16
= 283.177 − 0.01685×217.54 + 0.06248×98.97 + 0.22048×60.02 − 0.25816×16.45 − 0.12159×196.85 + 0.01221×88.16
= 283.177 − 3.666 + 6.183 + 13.232 − 4.246 − 23.935 + 1.076
= 283.177 − 3.666 + 6.184 + 13.234 − 4.246 − 23.936 + 1.076 = 271.82"
3,AVT6:240-350:CFPP,31.40363 − 0.06784×T33 + 17.411×P67 − 8.11544×P4 − 0.47309×F65/(F32+F30),"31.40363 − 0.06784×T33 + 17.411×P67 − 8.11544×P4 − 0.47309×F65/(F32+F30)
  T33=335.41; P67=1.10; P4=3.85; F65/(F32+F30)=4.4365
= 31.40363 − 0.06784×335.41 + 17.411×1.10 − 8.11544×3.85 − 0.47309×4.4365
= 31.40363 − 22.754 + 19.146 − 31.230 − 2.099
= 31.40363 − 22.754 + 19.146 − 31.230 − 2.099 = -5.53"
4,AVT6:240-350:EBP,813.883 + 2.66463×F30 − 0.20239×T33 − 3.65888×F36 − 14.08235×T37 − 1.32603×T40 + 14.60206×T58,"813.883 + 2.66463×F30 − 0.20239×T33 − 3.65888×F36 − 14.08235×T37 − 1.32603×T40 + 14.60206×T58
  F30=98.97; T33=335.41; F36=139.29; T37=68.18; T40=180.86; T58=66.04
= 813.883 + 2.66463×98.97 − 0.20239×335.41 − 3.65888×139.29 − 14.08235×68.18 − 1.32603×180.86 + 14.60206×66.04
= 813.883 + 263.708 − 67.883 − 509.640 − 960.096 − 239.819 + 964.271
= 813.883 + 263.760 − 67.880 − 509.655 − 960.140 − 239.818 + 964.323 = 264.42"
5,AVT6:350-500:ViscosityK,5.831 + 0.00976×T6 + 0.01188×T13 + 0.00224×T18 + 0.01905×T20 + 0.00794×L43 − 0.02496×T48 − 0.00008×P50 − 0.00882×F53 − 0.00394×P51 − 0.00255×F59 + 0.01153×T61,"5.831 + 0.00976×T6 + 0.01188×T13 + 0.00224×T18 + 0.01905×T20 + 0.00794×L43
  − 0.02496×T48 − 0.00008×P50 − 0.00882×F53 − 0.00394×P51 − 0.00255×F59 + 0.01153×T61
  T6=234.73; T13=89.20; T18=158.40; T20=113.80; L43=60.08; T48=354.43;
  P50=0.96; F53=80.13; P51=42.90; F59=196.85; T61=193.06
= 5.831 +2.291 +1.060 +0.355 +2.168 +0.477 -8.847
  -0.00008 -0.707 -0.169 -0.502 +2.226
= 5.831 +2.291 +1.060 +0.355 +2.168 +0.477 -8.84659 -0.000 -0.707 -0.169 -0.502 +2.226 = 4.18
"
6,AVT6:350:CFPP,19.27111 − 0.10582×T48 + 0.13836×T40 − 0.42304×F31/F57,"19.27111 − 0.10582×T48 + 0.13836×T40 − 0.42304×F31/F57
  T48=354.43; T40=180.86; F31/F57=21.0124
= 19.27111 − 0.10582×354.43 + 0.13836×180.86 − 0.42304×21.0124
= 19.27111 − 37.506 + 25.023 − 8.889
= 19.27111 − 37.506 + 25.023 − 8.889 = -2.10"
7,AVT6:350:T50,493.6798 + 1.281193×T42 − 0.955342×T48 − 0.018454×F31 + 0.265904×F57 − 0.082047×T66 − 0.545083×T33,"493.6798 + 1.281193×T42 − 0.955342×T48 − 0.018454×F31 + 0.265904×F57 − 0.082047×T66 − 0.545083×T33
  T42=275.79; T48=355.21; F31=498.33; F57=20.53; T66=256.08; T33=336.20
= 493.6798 + 1.281193×275.79 − 0.955342×355.21 − 0.018454×498.33 + 0.265904×20.53 − 0.082047×256.08 − 0.545083×336.20
= 493.6798 + 353.340 − 339.347 − 9.196 + 5.459 − 21.011 − 183.257
= 299.67  "
8,AVT6:350:I350,39.562 − 1.62865×L43 + 0.76664×T6 − 0.22361×T18 + 0.00031×F64×(T15−T11) ,"39.562 − 1.62865×L43 + 0.76664×T6 − 0.22361×T18 + 0.00031×F64×(T15−T11)  
  L43=60.08; T6=234.73; T18=158.40; F64=104.56; T15=135.58; T11=56.14
= 39.562 − 1.62865×60.08 + 0.76664×234.73 − 0.22361×158.40 + 0.00031×104.56×(135.58−56.14)
= 39.562 − 97.853 + 179.956 − 35.420 + 2.575
= 39.562 − 97.853 + 179.956 − 35.420 + 2.575 = 88.82"
9,AVT6:350:D15,983.092 + 0.27467×T42 − 0.49014×T48 − 0.32983×F31/F57,"983.092 + 0.27467×T42 − 0.49014×T48 − 0.32983×F31/F57
  T42=275.99; T48=354.43; F31=500.83; F57=23.84
= 983.092 + 0.27467×275.99 − 0.49014×354.43 − 0.32983×(500.83/23.84)
= 983.092 + 75.806 − 173.721 − 0.32983×21.0124
= 983.092 + 75.806 − 173.721 − 6.931 = 878.25"
